﻿<modification>
	<id>Footer </id>
	<version>1.0.0</version>
	<vqmver>2.3.0</vqmver>
	<author>Tm</author>
	<file name="catalog/controller/common/footer.php">
		<operation error="skip">
			<search position="after"><![CDATA[ $this->data['text_newsletter'] = $this->language->get('text_newsletter'); ]]></search>
			<add><![CDATA[ 
			$this->data['text_account'] = $this->language->get('text_account');
			$this->data['text_follow'] = $this->language->get('text_follow');
			$this->data['text_support'] = $this->language->get('text_support');
			$this->data['text_twi'] = $this->language->get('text_twi');
			$this->data['text_fb'] = $this->language->get('text_fb');
			$this->data['text_rss'] = $this->language->get('text_rss');
			$this->data['tx_telephone'] = $this->language->get('tx_telephone');
			]]></add>
		</operation>
		<operation error="skip">
			<search position="after"><![CDATA[ $this->data['newsletter'] = $this->url->link('account/newsletter', '', 'SSL'); ]]></search>
			<add><![CDATA[ 
			$this->data['address'] = nl2br($this->config->get('config_address'));
			$this->data['telephone'] = $this->config->get('config_telephone');
			$this->data['fax'] = $this->config->get('config_fax');
			]]></add>
		</operation>
		<operation error="skip">
			<search position="replace"><![CDATA[ $this->data['powered'] = sprintf($this->language->get('text_powered'), $this->config->get('config_name'), date('Y', time())); ]]></search>
			<add><![CDATA[ $this->data['powered'] = sprintf($this->language->get('text_powered'), date('Y', time()), $this->config->get('config_name')); ]]></add>
		</operation>
	</file>
	<file name="catalog/language/*/common/footer.php">
		<operation error="skip">
			<search position="after"><![CDATA[ $_['text_account']      = 'My Account'; ]]></search>
			<add><![CDATA[ 
				$_['text_follow']   = 'Contacts';
$_['text_support']   = 'Online support';
$_['text_fb']   = 'Facebook';
$_['text_twi']   = 'Twitter';
$_['text_rss']   = 'RSS';
$_['tx_telephone']   = 'Call us now toll free:';
				]]></add>
		</operation>
		<operation error="skip">
			<search position="replace"><![CDATA[ $_['text_powered']      = 'Powered By <a href="http://www.opencart.com">OpenCart</a><br /> %s &copy; %s'; ]]></search>
			<add><![CDATA[ $_['text_powered'] = 'Powered By <a href="http://www.opencart.com">OpenCart</a><br /> &copy; %s';]]></add>
		</operation>
	</file>
	<file name="catalog/language/german/common/footer.php">
		<operation error="skip">
			<search position="after"><![CDATA[ $_['text_wishlist']     = 'Wunschzettel'; ]]></search>
			<add><![CDATA[ 
				$_['text_follow']   = 'Kontakt';
				$_['text_support']   = 'Online-Unterstutzung';
				$_['text_fb']   = 'Facebook';
				$_['text_twi']   = 'Twitter';
				$_['text_rss']   = 'RSS';
				$_['tx_telephone']   = 'Rufen Sie uns gebührenfrei:';
				]]></add>
		</operation>
		<operation error="skip">
			<search position="replace"><![CDATA[ $_['text_powered']      = 'Powered By <a href="http://www.opencart.com">OpenCart</a><br /> %s &copy; %s'; ]]></search>
			<add><![CDATA[ $_['text_powered']      = 'Powered By <a href="http://www.opencart.com">OpenCart</a><br /> &copy; %s'; ]]></add>
		</operation>
	</file>
	<file name="catalog/language/spanish/common/footer.php">
		<operation error="skip">
			<search position="after" ><![CDATA[ $_['text_wishlist']     = 'Lista de deseos'; ]]></search>
			<add><![CDATA[ 
				$_['text_follow']   = 'Contáctanos';
				$_['text_support']   = 'El soporte en linea';
				$_['text_fb']   = 'Facebook';
				$_['text_twi']   = 'Twitter';
				$_['text_rss']   = 'RSS';
				$_['tx_telephone']   = 'Llámenos al número gratuito:';
				]]></add>
		</operation>
		<operation error="skip">
			<search position="replace"><![CDATA[ $_['text_powered']      = 'Creado por <a href="http://www.opencart.com">OpenCart</a><br /> %s &copy; %s'; ]]></search>
			<add><![CDATA[ $_['text_powered']      = 'Creado por <a href="http://www.opencart.com">OpenCart</a><br /> &copy; %s'; ]]></add>
		</operation>
	</file>
</modification>